{
	"credit": "Model by MrCrayfish (https://x.com/MrCrayfish) using Blockbench. All Rights Reserved.",
	"loader": "framework:open_model",
	"textures": {
		"standard": "colorfulled:backpack/orange"
	},
	"components": [
		{
			"from": [5, 1, 4],
			"to": [6, 9, 8],
			"faces": {
				"north": {"uv": [15, 0, 15.5, 8], "texture": "#standard"},
				"up": {"uv": [16, 4, 15.5, 0], "texture": "#standard"}
			}
		},
		{
			"from": [4, 1, 4],
			"to": [5, 2, 8],
			"faces": {
				"north": {"uv": [15.5, 7, 16, 8], "texture": "#standard"},
				"west": {"uv": [10, 11, 12, 12], "texture": "#standard"}
			}
		},
		{
			"from": [10, 1, 4],
			"to": [11, 9, 8],
			"faces": {
				"north": {"uv": [14, 0, 14.5, 8], "texture": "#standard"},
				"up": {"uv": [14, 15, 13.5, 11], "texture": "#standard"}
			}
		},
		{
			"from": [11, 1, 4],
			"to": [12, 2, 8],
			"faces": {
				"north": {"uv": [13.5, 7, 14, 8], "texture": "#standard"},
				"east": {"uv": [7, 8, 9, 9], "texture": "#standard"}
			}
		}
	]
}