{
	"credit": "Model by MrCrayfish (https://x.com/MrCrayfish) using Blockbench. All Rights Reserved.",
	"loader": "framework:open_model",
	"texture_size": [32, 16],
	"textures": {
		"standard": "colorfulled:backpack/light_blue"
	},
	"components": [
		{
			"from": [4.5, 5, 8],
			"to": [11.5, 9, 12],
			"faces": {
				"north": {"uv": [3.5, 0, 7, 4], "texture": "#standard"},
				"east": {"uv": [7, 0, 9, 4], "texture": "#standard"},
				"south": {"uv": [0, 0, 3.5, 4], "texture": "#standard"},
				"west": {"uv": [7, 4, 9, 8], "texture": "#standard"},
				"up": {"uv": [12.5, 4, 9, 0], "texture": "#standard"}
			}
		},
		{
			"from": [3.57612, 4.38268, 8.016],
			"to": [4.57612, 5.38268, 12.016],
			"rotation": {"angle": 22.5, "axis": "z", "origin": [3.57612, 5.38268, 8.016]},
			"faces": {
				"north": {"uv": [13.5, 5, 14, 6], "texture": "#standard"},
				"south": {"uv": [8, 11, 8.5, 12], "texture": "#standard"},
				"up": {"uv": [15, 8, 14.5, 4], "texture": "#standard"}
			}
		},
		{
			"from": [3.57612, 0.38268, 8.016],
			"to": [4.57612, 5.38268, 12.016],
			"faces": {
				"north": {"uv": [13.5, 0, 14, 5], "texture": "#standard"},
				"south": {"uv": [13, 4, 13.5, 9], "texture": "#standard"},
				"west": {"uv": [11, 4, 13, 9], "texture": "#standard"}
			}
		},
		{
			"from": [3.57612, 0.38268, 8.016],
			"to": [4.57612, 1.38268, 12.016],
			"rotation": {"angle": -22.5, "axis": "z", "origin": [3.57612, 0.38268, 8.016]},
			"faces": {
				"north": {"uv": [13.5, 6, 14, 7], "texture": "#standard"},
				"south": {"uv": [8.5, 11, 9, 12], "texture": "#standard"},
				"down": {"uv": [15, 0, 14.5, 4], "texture": "#standard"}
			}
		},
		{
			"from": [4.5, 0, 8],
			"to": [11.5, 5, 12],
			"faces": {
				"north": {"uv": [3.5, 4, 7, 9], "texture": "#standard"},
				"south": {"uv": [0, 4, 3.5, 9], "texture": "#standard"},
				"down": {"uv": [3.5, 9, 0, 13], "texture": "#standard"}
			}
		},
		{
			"from": [4.5, 1.432, 12],
			"to": [11.5, 4.432, 13],
			"faces": {
				"east": {"uv": [12.5, 0, 13, 3], "texture": "#standard"},
				"south": {"uv": [3.5, 9, 7, 12], "texture": "#standard"},
				"west": {"uv": [13, 0, 13.5, 3], "texture": "#standard"}
			}
		},
		{
			"from": [4.5, 3.432, 11],
			"to": [11.5, 4.432, 13],
			"rotation": {"angle": 30, "axis": "x", "origin": [8, 4.432, 13]},
			"faces": {
				"east": {"uv": [10, 12, 11, 13], "texture": "#standard"},
				"west": {"uv": [11, 12, 12, 13], "texture": "#standard"},
				"up": {"uv": [10.5, 11, 7, 9], "texture": "#standard"}
			}
		},
		{
			"from": [4.5, 1.432, 11],
			"to": [11.5, 2.432, 13],
			"rotation": {"angle": -30, "axis": "x", "origin": [8, 1.432, 13]},
			"faces": {
				"east": {"uv": [12, 12, 13, 13], "texture": "#standard"},
				"west": {"uv": [12.5, 3, 13.5, 4], "texture": "#standard"},
				"down": {"uv": [14, 9, 10.5, 11], "texture": "#standard"}
			}
		},
		{
			"from": [11.42388, 4.38268, 8.016],
			"to": [12.42388, 5.38268, 12.016],
			"shade": false,
			"rotation": {"angle": -22.5, "axis": "z", "origin": [12.42388, 5.38268, 8.016]},
			"faces": {
				"north": {"uv": [9.5, 12, 10, 13], "texture": "#standard"},
				"south": {"uv": [15.5, 6, 16, 7], "texture": "#standard"},
				"up": {"uv": [16, 12, 15.5, 8], "texture": "#standard"}
			}
		},
		{
			"from": [11.42388, 0.38268, 8.016],
			"to": [12.42388, 5.38268, 12.016],
			"faces": {
				"north": {"uv": [14.5, 9, 15, 14], "texture": "#standard"},
				"east": {"uv": [9, 4, 11, 9], "texture": "#standard"},
				"south": {"uv": [14, 9, 14.5, 14], "texture": "#standard"}
			}
		},
		{
			"from": [11.42388, 0.38268, 8.016],
			"to": [12.42388, 1.38268, 12.016],
			"shade": false,
			"rotation": {"angle": 22.5, "axis": "z", "origin": [12.42388, 0.38268, 8.016]},
			"faces": {
				"north": {"uv": [15.5, 5, 16, 6], "texture": "#standard"},
				"south": {"uv": [15.5, 4, 16, 5], "texture": "#standard"},
				"down": {"uv": [15.5, 8, 15, 12], "texture": "#standard"}
			}
		},
		{
			"from": [7, 5.5, 11.5],
			"to": [9, 7.5, 12.5],
			"faces": {
				"east": {"uv": [13, 13, 13.5, 15], "texture": "#standard"},
				"south": {"uv": [15, 12, 16, 14], "texture": "#standard"},
				"west": {"uv": [13, 11, 13.5, 13], "texture": "#standard"},
				"up": {"uv": [13, 12, 12, 11], "texture": "#standard"},
				"down": {"uv": [8, 11, 7, 12], "texture": "#standard"}
			}
		},
		{
			"from": [6.5, 9, 9.5],
			"to": [9.5, 10, 10.5],
			"faces": {
				"east": {"uv": [9, 11, 9.5, 12], "texture": "#standard"},
				"west": {"uv": [9.5, 11, 10, 12], "texture": "#standard"},
				"up": {"uv": [15, 9, 13.5, 8], "texture": "#standard"}
			}
		}
	]
}